i,U,K,Px,Py,Pz,Ne
0,-137625700.61668426,59021240.27142092,1022.6976411822797,1788.3751086871628,471.32416534845345,0.0
1,-137645593.90387467,59046795.93567287,1022.6976411820856,1788.3751086871166,471.3241653482939,0.0
2,-137665390.68086842,59088727.67265889,1022.6976411830329,1788.3751086871764,471.32416534834965,0.0
3,-137684122.76199165,59177840.96524943,1022.6976411811173,1788.3751086871557,471.3241653483599,0.0
4,-137701649.11421815,59362151.754135124,1022.6976411807581,1788.375108687137,471.3241653483708,0.0
5,-137716711.34976196,59509192.444773495,1022.6976411809525,1788.3751086871353,471.32416534839194,0.0
6,-137729369.43956634,59543319.44161389,1022.6976411819062,1788.3751086871764,471.32416534812927,0.0
7,-137742069.49016282,59575436.24806504,1022.6976411829626,1788.3751086871268,471.3241653483654,0.0
8,-137752807.8808674,59607823.50821266,1022.6976411821521,1788.3751086871698,471.3241653483619,0.0
9,-137761969.04425728,59647318.02359609,1022.6976411824535,1788.3751086872085,471.3241653483928,0.0
10,-137769299.82638535,59673510.6137567,1022.6976411821485,1788.3751086871166,471.32416534835386,0.0
11,-137774237.22671688,59690453.4978311,1022.6976411816491,1788.3751086871537,471.32416534837756,0.0
12,-137777541.0917883,59814157.77548444,1022.6976411845552,1788.3751086872298,471.3241653483286,0.0
13,-137777695.36400074,59722528.97057161,1022.6976411831901,1788.3751086871973,471.3241653482982,2.0
14,-137776424.52039018,59743698.98882711,1022.6976411826263,1788.3751086871944,471.32416534834294,2.0
15,-137774355.68565875,59759055.593258455,1022.6976411806908,1788.3751086872453,471.3241653484781,2.0
16,-137770512.91711783,59791952.20365016,1022.6976411821577,1788.3751086871034,471.3241653483881,2.0
17,-137763621.41514117,59867744.38113126,1022.6976411818785,1788.3751086872517,471.3241653484217,2.0
18,-137755265.9829207,59875648.50779126,1022.6976411824713,1788.3751086871864,471.3241653484192,2.0
19,-137746195.4797096,59878720.08685037,1022.6976411792937,1788.375108687137,471.3241653483515,2.0
20,-137735451.8370888,59892114.49354662,1022.697641182309,1788.3751086871657,471.3241653484232,2.0
21,-137723403.71277928,59916796.457355715,1022.6976411801467,1788.375108687163,471.3241653483261,4.0
22,-137708772.9322989,59946909.56509177,1022.6976411833327,1788.375108687172,471.324165348392,6.0
23,-137690983.63610488,60019587.96886726,1022.6976411819854,1788.375108687253,471.3241653483124,6.0
24,-137674496.2278528,60020831.847014405,1022.6976411804284,1788.375108687174,471.32416534835596,6.0
25,-137657599.0571009,60019318.23686863,1022.6976411825766,1788.3751086871132,471.32416534840615,6.0
26,-137641001.2700847,60020219.169102095,1022.6976411806523,1788.3751086871132,471.3241653484033,6.0
27,-137623725.4108866,60023072.456751116,1022.697641181791,1788.3751086870936,471.3241653483723,6.0
28,-137606804.41208163,60039016.20167639,1022.6976411818115,1788.3751086871796,471.32416534837563,6.0
29,-137589030.13049448,60077358.41565748,1022.6976411856003,1788.3751086871212,471.3241653483883,6.0
30,-137570812.6757897,60077591.551826105,1022.6976411768793,1788.3751086871805,471.32416534838273,6.0
31,-137553784.9077673,60087683.23141787,1022.6976411819041,1788.3751086872853,471.3241653483875,6.0
32,-137536458.71416974,60099111.815896116,1022.6976411791961,1788.3751086870654,471.32416534838046,6.0
33,-137520345.19423765,60110801.47731485,1022.6976411789261,1788.3751086871748,471.3241653483455,6.0
34,-137504452.11942205,60148573.27286448,1022.6976411827775,1788.375108687224,471.324165348343,6.0
35,-137490560.98171392,60149052.00159336,1022.6976411817443,1788.375108687124,471.32416534841053,6.0
36,-137478245.79770234,60156913.59230059,1022.697641179669,1788.375108687236,471.32416534838404,6.0
37,-137468241.76454246,60161153.1753037,1022.6976411814552,1788.3751086872485,471.3241653484094,6.0
38,-137459775.18319157,60166788.5044613,1022.6976411837079,1788.3751086871018,471.32416534833067,6.0
39,-137453416.1073601,60170187.111008205,1022.6976411841397,1788.3751086870725,471.32416534844424,6.0
40,-137448706.8707412,60178415.92331329,1022.6976411788065,1788.3751086871875,471.3241653484282,6.0
41,-137445635.70758206,60192149.44773894,1022.6976411832628,1788.3751086872774,471.32416534840644,6.0
42,-137443703.57053536,60218086.60732773,1022.6976411839878,1788.3751086871475,471.3241653483813,6.0
43,-137442974.13629666,60238559.97973726,1022.6976411783588,1788.3751086871152,471.32416534834175,6.0
44,-137443048.98605606,60279612.41084382,1022.6976411801434,1788.3751086871741,471.32416534840166,6.0
45,-137443809.83752242,60340767.93459586,1022.6976411818731,1788.3751086871846,471.32416534840524,6.0
46,-137445886.81834224,60509729.319438025,1022.6976411807104,1788.3751086871914,471.3241653484391,6.0
47,-137447829.64080107,60525908.90582677,1022.6976411790298,1788.3751086872514,471.3241653483858,6.0
48,-137450427.16192314,60546985.0889212,1022.6976411807236,1788.3751086872505,471.3241653483524,6.0
49,-137453210.34441558,60593165.82449404,1022.6976411832258,1788.3751086871707,471.32416534837904,6.0
50,-137455300.26239383,60671318.95104626,1022.6976411775515,1788.3751086871807,471.32416534834636,6.0
51,-137456999.36966664,60704274.96292664,1022.697641179594,1788.3751086871694,471.324165348301,6.0
52,-137458422.3999419,60724860.95000448,1022.6976411752361,1788.3751086871657,471.3241653484433,6.0
53,-137460251.57000598,60760045.460256055,1022.697641185945,1788.3751086871746,471.32416534837205,6.0
54,-137462732.59128395,60830747.81338319,1022.6976411854362,1788.3751086872574,471.3241653483587,6.0
55,-137465565.76358333,60862406.079313844,1022.6976411791869,1788.375108687093,471.3241653484113,6.0
56,-137468470.8975094,60892854.46768637,1022.6976411797808,1788.3751086872012,471.324165348434,6.0
57,-137471316.3667402,60917343.00476803,1022.6976411786991,1788.3751086871907,471.32416534837245,6.0
58,-137474352.17067823,60940826.678774156,1022.6976411822739,1788.3751086872073,471.32416534839354,6.0
59,-137476475.78670925,60958304.956750594,1022.697641179591,1788.3751086871766,471.324165348409,6.0
60,-137478634.4280285,60982148.18927701,1022.697641181351,1788.375108687106,471.3241653483355,6.0
61,-137481167.3361274,61010418.60233259,1022.6976411792045,1788.375108687172,471.324165348406,6.0
62,-137483634.32507372,61129472.32407276,1022.6976411860492,1788.3751086871548,471.32416534842935,6.0
63,-137484700.53865737,61426024.58532692,1022.6976411839908,1788.3751086871962,471.32416534836824,6.0
64,-137486216.71596718,61440031.340718806,1022.6976411809022,1788.3751086872012,471.3241653484296,6.0
65,-137488526.8529455,61453582.6462495,1022.6976411810801,1788.3751086871823,471.32416534837995,6.0
66,-137490876.88500267,61483841.02807948,1022.6976411805689,1788.3751086871666,471.324165348368,6.0
67,-137494805.57204905,61522752.92471692,1022.6976411905908,1788.3751086872435,471.3241653484123,6.0
68,-137499148.1843702,61545404.60948283,1022.6976411823323,1788.375108687178,471.3241653484707,6.0
69,-137503767.32058197,61561757.02454,1022.697641179516,1788.37510868716,471.32416534839837,6.0
70,-137510140.08311862,61590283.927186064,1022.6976411766434,1788.3751086871703,471.32416534837677,6.0
71,-137517912.71743384,61628470.26696456,1022.6976411792764,1788.3751086871575,471.3241653484284,6.0
72,-137526189.12917995,61660208.69206732,1022.6976411812889,1788.3751086871657,471.3241653484011,6.0
73,-137535835.76535374,61679848.097847156,1022.6976411824592,1788.3751086871616,471.3241653483652,6.0
74,-137544922.5475559,61705450.89476823,1022.6976411772705,1788.3751086871068,471.32416534835363,6.0
75,-137555021.00262496,61726586.699512415,1022.6976411802601,1788.3751086871848,471.3241653483722,6.0
76,-137566558.0804287,61764058.240822926,1022.6976411786062,1788.3751086871819,471.32416534838325,6.0
77,-137577752.0438253,61809807.09863822,1022.6976411802427,1788.3751086871882,471.32416534835477,6.0
78,-137589831.54879758,61833805.20299776,1022.6976411838417,1788.3751086871744,471.32416534835914,6.0
79,-137601862.24639988,61859135.789508626,1022.6976411803818,1788.3751086871866,471.32416534839973,6.0
80,-137613630.52937785,61891542.5214718,1022.6976411862192,1788.3751086871555,471.3241653484109,6.0
81,-137626474.146331,61951477.06425348,1022.6976411807863,1788.3751086871387,471.32416534836653,6.0
82,-137639478.43785316,61981522.31681303,1022.6976411705681,1788.3751086871753,471.3241653483198,6.0
83,-137652149.2135169,62019038.06850206,1022.6976411822116,1788.3751086871782,471.3241653483506,6.0
84,-137665197.96437168,62056018.36375821,1022.6976411848298,1788.3751086871357,471.32416534836347,6.0
85,-137680156.22645703,62089326.08115456,1022.6976411847213,1788.3751086871173,471.32416534835875,6.0
86,-137695497.5128217,62150113.47069744,1022.6976411796792,1788.3751086871973,471.3241653483549,6.0
87,-137711940.31268358,62182104.67965664,1022.6976411879543,1788.3751086871705,471.3241653484399,6.0
88,-137729933.85245195,62213204.27288344,1022.697641180486,1788.3751086871282,471.3241653483579,6.0
89,-137748814.70322603,62243900.12975055,1022.6976411822411,1788.3751086871248,471.3241653483771,6.0
90,-137769148.91565946,62298848.47792041,1022.6976411817084,1788.3751086871807,471.3241653483864,6.0
91,-137789885.2249061,62368925.72958241,1022.6976411794598,1788.375108687186,471.3241653483819,6.0
92,-137811384.7806297,62449081.535487995,1022.6976411807779,1788.3751086872362,471.3241653484152,6.0
93,-137832358.11181194,62623919.05074333,1022.6976411833394,1788.3751086871366,471.3241653484027,6.0
94,-137854113.87210262,62679891.3452354,1022.6976411786845,1788.3751086870916,471.3241653483511,6.0
95,-137875396.67592555,62711462.56382541,1022.6976411879601,1788.3751086872112,471.32416534837165,6.0
96,-137898081.8537683,62745919.636430115,1022.6976411783509,1788.3751086872257,471.32416534827854,6.0
97,-137921048.37017056,62802972.045768335,1022.6976411797644,1788.3751086871964,471.3241653483891,6.0
98,-137945255.53643918,62899234.13188925,1022.6976411733442,1788.3751086871346,471.32416534842093,6.0
99,-137969756.1794536,62947664.653471954,1022.6976411802345,1788.3751086871416,471.3241653483905,6.0
100,-137995170.8494903,63001879.74576407,1022.6976411768982,1788.3751086872032,471.3241653483133,6.0
101,-138022063.2911531,63042885.27218158,1022.6976411854793,1788.3751086871682,471.324165348318,6.0
102,-138050040.8355058,63091520.31824179,1022.6976411725018,1788.375108687184,471.3241653484311,6.0
103,-138079423.38102356,63148968.40352214,1022.6976411779244,1788.3751086871812,471.32416534841377,6.0
104,-138110153.2201578,63186619.36599201,1022.6976411764281,1788.375108687233,471.3241653483579,6.0
105,-138143064.24792558,63229123.1781822,1022.6976411738892,1788.3751086872016,471.324165348429,6.0
106,-138177453.56332833,63278726.545498334,1022.6976411719223,1788.375108687144,471.32416534841576,6.0
107,-138212771.25118718,63325443.133133054,1022.6976411780101,1788.375108687166,471.32416534840706,6.0
108,-138250267.7883542,63414571.07496558,1022.6976411855385,1788.3751086872078,471.32416534839894,6.0
109,-138287969.2502706,63588097.47377474,1022.6976411749894,1788.3751086871891,471.32416534832873,6.0
110,-138326367.2821479,63667380.36692301,1022.6976411845585,1788.3751086872105,471.32416534830656,6.0
111,-138366033.53485626,63738879.23854287,1022.6976411839219,1788.3751086871453,471.32416534841883,6.0
112,-138405446.67168576,63791977.95837648,1022.6976411791886,1788.3751086871614,471.3241653484386,6.0
113,-138446414.82149845,63845508.74676181,1022.6976411807063,1788.3751086871453,471.324165348312,6.0
114,-138486870.5350012,63914200.50533167,1022.6976411833691,1788.3751086872007,471.324165348429,6.0
115,-138527852.60647097,63962263.916470155,1022.6976411824141,1788.3751086871953,471.32416534844174,6.0
116,-138569300.13614237,64034862.464086436,1022.6976411820355,1788.3751086871762,471.32416534846317,6.0
117,-138611241.07224503,64142296.274007685,1022.6976411728732,1788.375108687123,471.3241653483736,6.0
118,-138652277.44327298,64196986.810824186,1022.6976411855829,1788.375108687163,471.32416534837,6.0
119,-138693436.36962655,64248407.388534784,1022.6976411885388,1788.375108687175,471.32416534839723,6.0
120,-138734185.4025775,64312512.75617814,1022.6976411797463,1788.3751086871437,471.3241653484233,6.0
121,-138775714.9574512,64361023.960645154,1022.69764119439,1788.375108687147,471.3241653484072,6.0
122,-138816823.8958738,64415943.306840375,1022.6976411828924,1788.375108687173,471.32416534857293,6.0
123,-138858833.30726203,64636521.1776177,1022.6976411794877,1788.3751086871534,471.3241653484253,6.0
124,-138900592.5534911,64541630.65159868,1022.6976411678883,1788.3751086871484,471.32416534837563,8.0
125,-138942067.90819073,64612292.47323177,1022.6976411809409,1788.3751086871036,471.32416534844776,8.0
126,-138984983.27144945,64681545.733954,1022.6976411830675,1788.3751086871434,471.32416534843543,8.0
127,-139028532.11890233,64758060.5350903,1022.697641187648,1788.3751086871694,471.32416534848585,8.0
128,-139072132.43138117,64828143.65274157,1022.697641174911,1788.3751086871446,471.3241653484231,8.0
129,-139116913.36626348,64916480.88547743,1022.6976411845385,1788.3751086871846,471.3241653482701,8.0
130,-139162901.17201832,64983654.09765965,1022.6976411877914,1788.375108687181,471.3241653484932,8.0
131,-139209705.2030289,65040829.2967607,1022.697641186757,1788.375108687105,471.3241653483307,8.0
132,-139257558.72204566,65119396.59425167,1022.6976411913973,1788.375108687156,471.32416534850745,8.0
133,-139306085.3937257,65227435.22923595,1022.6976411808257,1788.3751086871746,471.3241653483968,8.0
134,-139355985.66797054,65306158.07665417,1022.6976411837848,1788.3751086871707,471.3241653484248,8.0
135,-139407145.27010837,65377173.37879387,1022.6976411815821,1788.3751086872091,471.3241653483448,8.0
136,-139458652.11283037,65454210.81626191,1022.6976411768184,1788.375108687156,471.32416534836074,8.0
137,-139511658.7630655,65521866.73819605,1022.6976411662029,1788.3751086871728,471.324165348347,8.0
138,-139565485.53430757,65598048.845910676,1022.6976411837096,1788.375108687105,471.3241653484095,8.0
139,-139620533.89720234,65664224.58937269,1022.6976411915143,1788.3751086872117,471.3241653483156,8.0
140,-139676272.4217965,65729431.017063946,1022.6976411844281,1788.3751086872044,471.3241653484754,8.0
141,-139733460.9557225,65800343.69583355,1022.697641187813,1788.3751086872485,471.3241653482304,8.0
142,-139792210.99571034,65874299.87333318,1022.6976411758934,1788.375108687143,471.32416534839865,8.0
143,-139852542.59463692,65955560.69994678,1022.6976411760925,1788.3751086870814,471.3241653485833,8.0
144,-139913246.44461414,66040971.12504788,1022.697641172837,1788.3751086871646,471.3241653483918,8.0
145,-139976039.79902408,66118809.63188514,1022.6976411880722,1788.3751086871748,471.3241653485127,8.0
146,-140039772.94121647,66196592.31740542,1022.6976411929818,1788.375108687183,471.32416534832964,8.0
147,-140104432.5422031,66322209.086373754,1022.6976411962878,1788.3751086872112,471.3241653483946,8.0
148,-140170020.98144984,66540541.386100896,1022.697641180241,1788.3751086871284,471.3241653485451,8.0
149,-140236410.1776614,66627026.481397964,1022.697641193573,1788.3751086871944,471.3241653482146,8.0
150,-140303332.01578254,66760738.02345415,1022.6976411923728,1788.375108687136,471.32416534829474,8.0
151,-140371705.85505244,66894166.213415936,1022.6976411854698,1788.375108687216,471.3241653483917,8.0
152,-140442139.02662954,66989826.10779689,1022.6976411663463,1788.3751086872205,471.3241653484434,8.0
153,-140513661.85630995,67097410.57462105,1022.6976411936524,1788.375108687117,471.3241653483259,8.0
154,-140586989.65871182,67183807.52854122,1022.6976411838153,1788.3751086871412,471.3241653483129,8.0
155,-140663344.64314047,67282115.09641282,1022.6976411629225,1788.37510868712,471.32416534853525,8.0
156,-140742821.86689195,67412106.96830453,1022.6976411889103,1788.3751086872169,471.3241653482624,8.0
157,-140824424.67046472,67587853.15899128,1022.6976411898066,1788.375108687175,471.3241653483544,8.0
158,-140908565.34125552,67828757.0672504,1022.6976411670561,1788.3751086871587,471.3241653484296,8.0
159,-140995648.03556028,67975021.22336672,1022.6976411718728,1788.3751086871712,471.32416534856037,8.0
160,-141084305.60782483,68127264.1069786,1022.6976411732322,1788.3751086871084,471.32416534827087,8.0
161,-141176331.22077957,68255533.99394926,1022.697641184555,1788.3751086871698,471.32416534843946,8.0
162,-141269607.43961877,68381292.18952541,1022.6976411797326,1788.3751086871478,471.3241653484821,8.0
163,-141365324.81485406,68547243.45697162,1022.6976411813332,1788.3751086871976,471.32416534843037,8.0
164,-141462207.72427115,68713294.5443698,1022.6976411805496,1788.3751086871534,471.32416534842696,8.0
165,-141560960.87165034,68833131.6468685,1022.6976411607826,1788.375108687182,471.32416534834863,8.0
166,-141661706.43173382,68951938.72001024,1022.6976411990162,1788.3751086871491,471.32416534843463,8.0
167,-141764248.13480508,69068804.01663223,1022.6976412022958,1788.3751086871175,471.32416534830776,8.0
168,-141869063.95005208,69196234.34117295,1022.6976411678663,1788.3751086871475,471.32416534829963,8.0
169,-141975594.99987295,69320441.62482044,1022.6976412057501,1788.3751086871478,471.32416534832714,8.0
170,-142084413.22922093,69437776.3817814,1022.6976411600702,1788.3751086871728,471.3241653483169,8.0
171,-142195832.09123304,69567676.87783219,1022.697641178231,1788.3751086871455,471.32416534849716,8.0
172,-142309520.49549347,69716604.0580266,1022.6976411934393,1788.3751086871557,471.3241653484347,8.0
173,-142425413.06349164,69844678.58650711,1022.6976411801927,1788.375108687076,471.3241653484548,8.0
174,-142544954.49682134,69978677.5845272,1022.6976411714695,1788.3751086871473,471.3241653483647,8.0
175,-142667694.35995743,70109362.02766784,1022.6976411777055,1788.3751086871364,471.32416534843907,8.0
176,-142793872.90465897,70257394.08634892,1022.6976411565282,1788.375108687147,471.3241653483317,8.0
177,-142923998.97471234,70427183.81954354,1022.6976411894266,1788.3751086871998,471.3241653483121,8.0
178,-143057757.65699503,70580490.33862574,1022.6976411683771,1788.3751086872282,471.3241653483179,8.0
179,-143195275.50862744,70761471.82812403,1022.6976411575163,1788.3751086871275,471.3241653484119,8.0
180,-143338407.88531458,70917033.73073831,1022.6976411887698,1788.3751086871307,471.32416534836113,8.0
181,-143486202.6615585,71104787.28743039,1022.6976411908795,1788.3751086871894,471.3241653483958,8.0
182,-143640015.34735334,71331692.73818982,1022.6976411750859,1788.3751086871694,471.3241653484023,8.0
183,-143799333.03029484,71503880.14028187,1022.6976411535227,1788.3751086871594,471.3241653483504,8.0
184,-143964668.71221823,71679861.4796427,1022.6976411814194,1788.3751086871546,471.32416534842224,8.0
185,-144135943.60729873,71860603.2609917,1022.6976411797399,1788.3751086871616,471.32416534839723,8.0
186,-144313868.87802494,72056237.95495173,1022.6976411917127,1788.375108687205,471.3241653483721,8.0
187,-144498214.0324001,72259472.5383893,1022.6976411826217,1788.37510868722,471.3241653484066,8.0
188,-144689233.296359,72468503.47615173,1022.6976411653661,1788.3751086871837,471.3241653483856,8.0
189,-144886028.03645027,72673598.14635342,1022.6976411591318,1788.3751086871778,471.32416534839444,8.0
190,-145090689.281349,72888542.24117735,1022.6976412042915,1788.3751086871541,471.3241653484032,8.0
191,-145301354.04475072,73111336.17084254,1022.697641173191,1788.3751086872123,471.32416534842775,8.0
192,-145517287.09235972,73339551.50569093,1022.6976411910058,1788.375108687089,471.3241653483528,8.0
193,-145739979.77540857,73569457.89631166,1022.6976411688061,1788.3751086871828,471.32416534836887,8.0
194,-145967867.45849606,73810480.72067644,1022.6976411745209,1788.3751086871516,471.3241653484118,8.0
195,-146201672.00291187,74058801.27578057,1022.6976411746579,1788.3751086871496,471.32416534834636,8.0
196,-146441032.005285,74350378.5572324,1022.6976411577288,1788.375108687164,471.3241653484189,10.0
197,-146683164.27891415,74736337.46184278,1022.6976411988534,1788.3751086871744,471.32416534837466,10.0
198,-146931522.50714597,75013415.28823504,1022.6976411657671,1788.3751086871719,471.3241653484307,10.0
199,-147185673.6612619,75290071.83996654,1022.6976411987266,1788.3751086872198,471.32416534844225,10.0
200,-147444683.39890856,75582895.67087956,1022.697641190786,1788.3751086871882,471.32416534841866,10.0
201,-147708699.93955925,75860841.61477295,1022.6976411690989,1788.3751086870932,471.3241653483996,10.0
202,-147978202.72589105,76149925.05728984,1022.6976411985763,1788.3751086872205,471.3241653483933,10.0
203,-148253027.27024072,76434011.24972361,1022.6976412033011,1788.3751086871393,471.32416534848835,10.0
204,-148534177.22975796,76726672.74809948,1022.6976411585498,1788.3751086871441,471.3241653483991,10.0
205,-148822357.03403637,77031855.80100909,1022.6976411728434,1788.3751086871935,471.3241653483631,10.0
206,-149117172.1348096,77348713.06254052,1022.697641195676,1788.375108687161,471.32416534841747,10.0
207,-149419289.3213452,77678288.70781554,1022.6976411819277,1788.3751086871257,471.3241653484976,10.0
208,-149728104.97180602,78235024.63754535,1022.6976411582134,1788.375108687135,471.3241653483594,10.0
209,-150042812.9619801,78352953.9683164,1022.69764117682,1788.3751086871841,471.32416534850364,12.0
210,-150366523.17848513,78724185.18538032,1022.697641189734,1788.3751086872342,471.32416534832043,12.0
211,-150699851.15315244,79112106.5870451,1022.6976411931195,1788.3751086871341,471.32416534828536,12.0
212,-151042350.8104444,79586478.07924728,1022.6976411734898,1788.3751086871996,471.32416534830435,12.0
213,-151394920.98496374,79982247.7899132,1022.6976411795963,1788.375108687115,471.32416534833703,12.0
214,-151757563.3274492,80383656.72492613,1022.6976411591702,1788.375108687133,471.3241653484071,12.0
215,-152131997.35368755,80769462.56934848,1022.6976411902144,1788.3751086871648,471.3241653484531,12.0
216,-152519167.1831537,81174489.0262509,1022.6976411920123,1788.3751086871232,471.32416534834067,12.0
217,-152918017.7366942,81616950.57755466,1022.6976411740517,1788.3751086871885,471.32416534845356,14.0
218,-153327192.49625155,82047322.6662708,1022.6976411843408,1788.3751086871473,471.3241653484547,14.0
219,-153753095.83877325,82502494.11358717,1022.6976411980553,1788.375108687232,471.32416534845555,14.0
220,-154193521.87630647,83001512.77772786,1022.6976411975454,1788.3751086872114,471.3241653483557,14.0
221,-154649579.48782843,83468017.73872319,1022.6976411961227,1788.3751086871546,471.32416534838694,14.0
222,-155122097.66257298,83950467.93935104,1022.6976411625353,1788.3751086872467,471.3241653483483,16.0
223,-155607910.98282328,84448488.03659084,1022.6976411561627,1788.3751086872182,471.324165348396,16.0
224,-156115279.312501,84976014.3694044,1022.6976411999684,1788.3751086871548,471.3241653484374,16.0
225,-156640456.4131675,85560268.80067769,1022.6976412221425,1788.3751086871416,471.32416534845487,16.0
226,-157185780.72880173,86116506.99917962,1022.6976411708894,1788.3751086871785,471.32416534833476,16.0
227,-157751820.83810052,86704027.31869905,1022.697641174387,1788.3751086871366,471.32416534847766,16.0
228,-158338905.78837883,87308073.2055038,1022.6976411879695,1788.3751086872187,471.32416534846635,16.0
229,-158948614.047146,87941175.40783136,1022.697641186058,1788.375108687175,471.3241653483607,16.0
230,-159580860.33006838,88588280.11845481,1022.6976411737752,1788.3751086871735,471.32416534842736,16.0
231,-160238295.31285325,89257037.28740521,1022.697641182417,1788.3751086871641,471.32416534837256,16.0
232,-160921537.39899004,89949708.73446524,1022.6976411659182,1788.3751086871707,471.3241653484788,16.0
233,-161631950.6263193,90692825.00144498,1022.6976411620403,1788.3751086871775,471.3241653484078,16.0
234,-162371140.46996024,91504972.831145,1022.6976412106671,1788.3751086871982,471.3241653484969,16.0
235,-163139378.28608286,92287092.67243536,1022.69764119902,1788.3751086871923,471.3241653484104,16.0
236,-163938351.5063169,93104041.56750134,1022.69764118677,1788.3751086871825,471.3241653484592,16.0
237,-164770759.2662284,93953023.22671197,1022.6976411525045,1788.3751086872137,471.32416534827587,16.0
238,-165638076.59889954,94842800.56756344,1022.6976411765371,1788.3751086871819,471.3241653484863,16.0
239,-166542769.9514655,95770750.24821614,1022.6976411897178,1788.3751086871978,471.3241653483795,16.0
240,-167487358.4562109,96733047.85705046,1022.6976411838614,1788.375108687126,471.3241653483017,16.0
241,-168473913.427829,97737550.28860973,1022.6976411883127,1788.375108687218,471.3241653485406,16.0
242,-169506278.78246787,98788901.98653314,1022.6976412146065,1788.37510868722,471.32416534845896,16.0
243,-170588836.4840953,99891808.36431235,1022.6976411666828,1788.3751086871448,471.32416534841724,16.0
244,-171724540.52783567,101042437.72234862,1022.6976412029784,1788.3751086871855,471.32416534839973,16.0
245,-172918643.20174772,102250522.19279385,1022.6976411573761,1788.3751086871646,471.32416534857384,16.0
246,-174174476.2424614,103517864.00953713,1022.6976411653773,1788.3751086871484,471.3241653484222,16.0
247,-175498434.06980032,104857434.97981107,1022.6976411917859,1788.3751086871157,471.324165348417,16.0
248,-176894835.12519252,106270747.0960981,1022.6976411590861,1788.3751086872874,471.32416534840615,16.0
249,-178370109.10684264,107770970.32821336,1022.6976411433648,1788.375108687314,471.3241653483818,16.0
250,-179929729.9678399,109377637.83469185,1022.6976411981477,1788.3751086872985,471.3241653484894,18.0
251,-181575638.0103119,111035527.32167429,1022.6976411793563,1788.3751086870602,471.32416534847243,18.0
252,-183321088.11812696,112799734.23310463,1022.6976411936747,1788.3751086871312,471.32416534833214,18.0
253,-185171596.64453343,114710230.18594277,1022.6976411498632,1788.375108687132,471.32416534838825,18.0
254,-187133296.85545686,116807231.20231135,1022.6976411817809,1788.3751086871803,471.3241653484849,18.0
255,-189214905.53583428,118931786.9131996,1022.69764117999,1788.3751086871337,471.32416534845413,18.0
256,-191424442.63914517,121165693.09607884,1022.6976411719646,1788.3751086871532,471.32416534840405,18.0
257,-193773183.12348282,123561272.06067048,1022.6976411702399,1788.3751086871089,471.32416534845754,18.0
258,-196268901.07925662,126169208.53103837,1022.6976411368155,1788.3751086872378,471.324165348399,18.0
259,-198921375.38290223,128850508.74260378,1022.6976411756496,1788.375108687167,471.32416534844987,18.0
260,-201743779.60288978,131692952.74404293,1022.6976412169967,1788.3751086872353,471.32416534811887,18.0
261,-204739561.6707241,134716042.5912951,1022.6976412012012,1788.3751086871432,471.32416534829093,18.0
262,-207918938.96982908,137913443.60841236,1022.6976411703322,1788.3751086872205,471.3241653484275,18.0
263,-211286230.8955483,141296745.70239043,1022.6976411746241,1788.3751086871537,471.32416534833953,18.0
264,-214842021.66067407,144879684.00411242,1022.6976411979679,1788.3751086871375,471.32416534817884,18.0
265,-218578511.6239669,148691121.38861805,1022.69764112424,1788.3751086871853,471.324165348193,18.0
266,-222485073.26644304,152640850.1815126,1022.6976411832474,1788.3751086871723,471.32416534862006,18.0
267,-226536537.04707533,156732620.34756765,1022.6976412360352,1788.3751086871923,471.3241653481353,18.0
268,-230699949.04702878,160986809.34812495,1022.6976412032931,1788.375108687336,471.32416534821823,18.0
269,-234927228.6521228,165241357.4088892,1022.6976411365296,1788.3751086872414,471.3241653484432,18.0
270,-239156893.01285398,169608615.49267024,1022.6976411717914,1788.375108687189,471.3241653486904,18.0
271,-243316025.86654913,173948149.44845107,1022.6976411966115,1788.3751086871303,471.32416534859146,18.0
272,-247323219.1046171,177965732.01146096,1022.6976411287784,1788.37510868726,471.32416534893514,18.0
273,-251100021.83469892,181772849.25658628,1022.6976412478501,1788.375108687136,471.32416534819413,18.0
274,-254565087.60129833,185298064.45473957,1022.6976411711393,1788.3751086872182,471.32416534787393,18.0
275,-257653218.25068462,188415328.85893485,1022.6976412132944,1788.3751086872012,471.32416534845044,18.0
276,-260317395.33455902,191135149.73261195,1022.6976411810197,1788.3751086870893,471.32416534799387,18.0
277,-262529058.81342003,193436983.16370732,1022.697641160644,1788.3751086871932,471.3241653484133,18.0
278,-264283566.18558425,195258226.96877837,1022.6976412302956,1788.3751086872176,471.3241653479777,18.0
279,-265585343.03740016,196700137.27273276,1022.6976411778917,1788.3751086871757,471.32416534789354,18.0
280,-266447493.27315006,197683566.32638913,1022.6976411883065,1788.3751086872649,471.32416534900096,18.0
281,-266881571.48529541,198285730.2714691,1022.6976411739058,1788.3751086872644,471.3241653488661,18.0
282,-266894190.20428425,198576520.44685903,1022.6976411739408,1788.3751086872471,471.3241653483427,18.0
283,-266501268.5792434,198239636.17982247,1022.6976412071513,1788.3751086872817,471.32416534856395,18.0
284,-265714553.87755248,197520371.3494998,1022.6976412037443,1788.3751086871835,471.32416534869424,18.0
285,-264547893.26301742,196403968.06375405,1022.6976411418304,1788.3751086872026,471.3241653480519,18.0
286,-263015836.80124116,194944996.9445284,1022.6976411821748,1788.3751086871457,471.32416534966507,18.0
287,-261139200.0236028,193146872.31280583,1022.6976411804031,1788.3751086872442,471.3241653483697,18.0
288,-258942754.6356613,191019749.699732,1022.6976411893037,1788.3751086874215,471.32416534823295,18.0
289,-256459197.20033884,188608099.98589998,1022.6976412012162,1788.3751086874336,471.3241653480692,18.0
290,-253726024.65118545,185984322.25850686,1022.6976411796712,1788.3751086872257,471.3241653482943,18.0
291,-250777310.87918502,183126704.00433382,1022.6976411673068,1788.3751086871755,471.3241653483405,18.0
292,-247653498.08641225,180052233.40355274,1022.6976411922051,1788.3751086873526,471.3241653482847,18.0
293,-244391895.19763717,176857272.24903056,1022.6976411931757,1788.3751086871998,471.3241653485094,18.0
294,-241027045.38018137,173587540.2825673,1022.6976411827027,1788.3751086871582,471.3241653485899,18.0
295,-237594599.44558486,170227238.8131624,1022.697641191483,1788.3751086871573,471.32416534813547,18.0
296,-234125103.4183184,166847492.05886763,1022.6976411793717,1788.3751086871753,471.32416534879815,18.0
297,-230648065.04912305,163432596.52997702,1022.697641159557,1788.375108687277,471.3241653477673,18.0
298,-227192202.47877246,160048363.61633247,1022.6976411921258,1788.3751086871277,471.3241653485816,18.0
299,-223772997.2628164,156712001.1848817,1022.6976411681444,1788.3751086871905,471.3241653481973,18.0
300,-220409453.00527045,153494733.43564105,1022.6976411693721,1788.3751086871848,471.3241653476224,18.0
301,-217116137.49503708,150258045.36483577,1022.6976411660063,1788.3751086871603,471.32416534836995,18.0
302,-213904379.86752152,147127916.68620917,1022.6976411829714,1788.3751086872112,471.3241653484519,18.0
303,-210780993.02905902,144035063.66136652,1022.6976412008809,1788.3751086873351,471.32416534810085,18.0
304,-207750564.84770235,141034172.81846312,1022.6976411779773,1788.3751086871991,471.3241653483312,18.0
305,-204818165.6527026,138120247.0080839,1022.6976411755767,1788.3751086872696,471.3241653485911,18.0
306,-201983470.89416605,135304808.98619473,1022.6976411698888,1788.3751086872692,471.32416534820493,18.0
307,-199247334.4336086,132586989.87528746,1022.6976411504227,1788.375108687131,471.3241653482899,18.0
308,-196610173.71352726,129969521.00679137,1022.6976411753766,1788.3751086871234,471.324165348577,18.0
309,-194071350.45592687,127461126.5856518,1022.6976411898548,1788.3751086872128,471.3241653485023,18.0
310,-191628591.76691723,125049707.84647423,1022.6976411920366,1788.3751086871407,471.32416534824847,18.0
311,-189280720.4576013,122743839.15559307,1022.6976411846314,1788.375108687169,471.3241653487405,18.0
312,-187025524.04671186,120509470.19923571,1022.6976411834405,1788.375108687125,471.32416534852746,18.0
313,-184861160.18655965,118354397.09600967,1022.6976411819255,1788.3751086871534,471.3241653483112,20.0
314,-182779708.03084219,116291483.3615941,1022.697641172432,1788.3751086872035,471.32416534834425,20.0
315,-180787587.43940282,114449160.03884785,1022.6976411893552,1788.375108687539,471.3241653492193,20.0
316,-178877230.1846057,112419174.29941085,1022.6976411832125,1788.3751086869365,471.3241653482572,22.0
317,-177046075.56508633,110621434.06312944,1022.6976411821178,1788.3751086875127,471.3241653484277,22.0
318,-175292903.46885324,108882717.07967694,1022.697641180569,1788.3751086869945,471.32416534836125,22.0
319,-173614283.35229412,107402363.51531433,1022.6976411842384,1788.375108687133,471.3241653485463,23.0
320,-172005885.94668078,105631236.53330874,1022.6976411794911,1788.3751086866732,471.32416534845925,24.0
321,-170466558.1577816,104104123.17566264,1022.6976411823522,1788.3751086872114,471.32416534846175,24.0
322,-168993870.39914596,102652001.10649666,1022.6976411819086,1788.3751086871655,471.32416534851376,24.0
323,-167585723.00883725,101249353.82338835,1022.6976411793214,1788.375108687199,471.32416534823506,24.0
324,-166239815.11737916,99912143.05586834,1022.6976411806047,1788.3751086873333,471.324165348512,24.0
325,-164953793.96669793,98636095.7378873,1022.6976411871162,1788.375108687385,471.32416534841883,24.0
326,-163725139.00116745,97446946.01470642,1022.6976411849628,1788.375108686961,471.3241653485242,24.0
327,-162552623.98195058,96362256.45947818,1022.6976411801579,1788.3751086873617,471.3241653483738,24.0
328,-161434143.22303024,95258077.66299154,1022.6976411821327,1788.3751086874872,471.3241653484083,24.0
329,-160367508.91527614,94213232.46760103,1022.6976411818421,1788.3751086869765,471.3241653483494,24.0
330,-159351172.34796855,93230348.17654395,1022.6976411818179,1788.3751086874147,471.3241653483931,24.0
331,-158384721.77363646,92279095.70898852,1022.6976411815403,1788.3751086872394,471.32416534839706,24.0
332,-157466847.94488305,91378290.34139204,1022.6976411816869,1788.3751086871778,471.3241653484141,24.0
333,-156595924.6257956,90517392.2694589,1022.6976411818612,1788.3751086874397,471.32416534829105,24.0
334,-155771097.1723269,89709277.17068964,1022.6976411818897,1788.3751086875009,471.32416534827905,24.0
335,-154990497.8705992,88950031.23331164,1022.6976411818578,1788.3751086871234,471.3241653484214,24.0
336,-154255160.64794385,88242712.68705858,1022.6976411810735,1788.3751086873247,471.3241653483023,24.0
337,-153562558.38636753,87557036.07437384,1022.6976411829615,1788.3751086866887,471.3241653483131,24.0
338,-152912263.08131632,86913176.83144957,1022.6976411814137,1788.3751086876139,471.32416534828764,24.0
339,-152305230.7812746,86319530.13365375,1022.697641180143,1788.3751086871541,471.32416534836284,24.0
340,-151740257.60315055,85804414.9775981,1022.6976411840366,1788.3751086876007,471.32416534836204,24.0
341,-151217109.18855387,85288997.77674277,1022.697641181454,1788.375108687699,471.32416534842093,24.0
342,-150735264.35679656,84816055.83542542,1022.6976411806368,1788.3751086868629,471.32416534835096,24.0
343,-150294249.25507542,84386005.4399378,1022.6976411833389,1788.3751086866432,471.3241653483986,24.0
344,-149894241.7231992,83992226.83434029,1022.697641181044,1788.3751086870823,471.324165348388,24.0
345,-149534826.7715869,83646618.07735823,1022.6976411838999,1788.3751086870352,471.3241653483884,24.0
346,-149215230.1094906,83336632.53260496,1022.6976411848522,1788.3751086871248,471.3241653485253,24.0
347,-148936219.6584431,83059871.49199745,1022.6976411813253,1788.3751086875802,471.3241653485575,24.0
348,-148696369.42342705,82821887.70798527,1022.6976411890487,1788.3751086870532,471.32416534827775,24.0
349,-148496610.93904188,82626885.47723049,1022.6976411761538,1788.3751086871082,471.3241653483543,24.0
350,-148335366.71055746,82469175.49191733,1022.6976411768375,1788.3751086870489,471.32416534850984,24.0
351,-148213406.49675953,82350686.15175249,1022.6976411774332,1788.3751086868115,471.3241653483437,24.0
352,-148129742.3576962,82275012.5477385,1022.6976411881245,1788.375108687031,471.3241653484352,24.0
353,-148083436.95241386,82249830.52471994,1022.6976411812451,1788.3751086865982,471.32416534841866,24.0
354,-148074518.11402896,82247224.00268167,1022.6976411818719,1788.3751086874786,471.3241653484483,24.0
355,-148101422.71745747,82279398.9012484,1022.697641182603,1788.375108687191,471.3241653483495,24.0
356,-148163089.73304585,82356338.03580752,1022.6976411804285,1788.37510868725,471.3241653484467,24.0
357,-148258481.67791343,82460701.61564723,1022.6976411773215,1788.375108687203,471.32416534850296,24.0
358,-148384740.82144058,82592477.09901364,1022.6976411771584,1788.3751086871616,471.32416534860164,24.0
359,-148540590.4138397,82753861.9159143,1022.6976411823798,1788.375108687097,471.32416534850694,24.0
360,-148723865.00057057,82946400.08050887,1022.6976411768682,1788.3751086876584,471.32416534858015,24.0
361,-148930887.96514058,83159592.44987522,1022.6976411770405,1788.3751086868351,471.3241653484683,24.0
362,-149159955.5278747,83390609.4585714,1022.6976411792582,1788.375108687059,471.3241653484489,24.0
363,-149406196.24684584,83646016.35209665,1022.6976411720931,1788.3751086873942,471.32416534850665,24.0
364,-149666587.72388217,83927915.71478885,1022.6976411825126,1788.3751086871694,471.32416534844367,24.0
365,-149937091.41508052,84239158.2343923,1022.6976411892798,1788.3751086873326,471.32416534833754,24.0
366,-150213377.62510318,84542070.4370483,1022.6976411813977,1788.3751086870038,471.32416534832424,24.0
367,-150492687.88900357,84831906.45550768,1022.6976411767866,1788.375108687408,471.3241653485284,24.0
368,-150773349.5999538,85138649.44797465,1022.6976411792925,1788.375108687048,471.3241653485386,24.0
369,-151052480.8406467,85432185.71398222,1022.6976411881568,1788.375108687302,471.3241653483974,24.0
370,-151325343.03950146,85712699.79310822,1022.6976411766617,1788.3751086872883,471.3241653484473,24.0
371,-151590461.9218147,86011079.83609316,1022.6976411805691,1788.3751086872019,471.3241653484226,24.0
372,-151846054.487372,86341105.16108829,1022.6976411839566,1788.3751086873476,471.3241653484401,24.0
373,-152087930.86142108,86598604.92546393,1022.6976411771033,1788.3751086871096,471.3241653484731,24.0
374,-152314111.5065311,86833521.05338676,1022.6976411791569,1788.37510868743,471.3241653483485,24.0
375,-152523403.14606768,87052176.82705519,1022.6976411807581,1788.3751086873165,471.32416534852496,24.0
376,-152712420.18783247,87259310.15630312,1022.6976411785905,1788.3751086874067,471.324165348562,24.0
377,-152878657.56231546,87470241.37026708,1022.6976411795131,1788.3751086869331,471.3241653483364,24.0
378,-153018946.66328683,87658560.85768153,1022.6976411780485,1788.375108687552,471.32416534850336,24.0
379,-153130925.6126491,87861047.7205944,1022.6976411779261,1788.3751086872637,471.324165348639,24.0
380,-153215302.4967485,87982020.76891935,1022.6976411839454,1788.3751086872262,471.3241653484958,24.0
381,-153272344.2658022,88053552.7766979,1022.6976411782155,1788.3751086869026,471.3241653483738,24.0
382,-153302453.1672807,88110438.21652861,1022.6976411815015,1788.3751086871976,471.32416534837125,24.0
383,-153306522.243172,88171435.3963228,1022.6976411810363,1788.3751086874622,471.3241653483818,24.0
384,-153286461.10089716,88171380.2655426,1022.6976411832269,1788.3751086874465,471.32416534844015,24.0
385,-153243668.3356448,88145550.35521741,1022.6976411809891,1788.375108687253,471.32416534850256,24.0
386,-153179536.63624537,88120153.93645029,1022.6976411806478,1788.3751086871741,471.32416534824324,24.0
387,-153096678.29421803,88110320.1376578,1022.6976411812398,1788.3751086874504,471.32416534844896,24.0
388,-152995692.40114856,88138097.97685905,1022.6976411815816,1788.375108687615,471.3241653483419,24.0
389,-152878642.38323897,88044504.44816782,1022.6976411819974,1788.3751086872921,471.3241653484915,24.0
390,-152747859.57916152,87934181.77623525,1022.6976411817842,1788.3751086871703,471.32416534838,24.0
391,-152604756.27097008,87806389.03777935,1022.6976411818106,1788.3751086865575,471.32416534844754,24.0
392,-152451381.12088624,87667029.7240885,1022.6976411825239,1788.3751086866862,471.324165348448,24.0
393,-152288775.2995426,87526225.36857198,1022.6976411824905,1788.375108687275,471.3241653485057,24.0
394,-152117860.2462528,87368047.78529559,1022.6976411818199,1788.3751086873199,471.3241653483924,24.0
395,-151938628.7565157,87214918.53894377,1022.6976411827335,1788.3751086876307,471.32416534841883,24.0
396,-151753116.75116113,87041623.84605083,1022.6976411837624,1788.3751086872235,471.3241653484778,24.0
397,-151562347.70064792,86867041.1526099,1022.6976411828335,1788.3751086875077,471.3241653483616,24.0
398,-151366719.26993203,86687711.6865077,1022.6976411836772,1788.3751086874188,471.3241653483122,24.0
399,-151167895.78962013,86504993.0554768,1022.6976411851814,1788.3751086869331,471.324165348358,24.0
400,-150966453.44643933,86329641.85680345,1022.6976411743318,1788.3751086875277,471.3241653484818,24.0
